{
    "rosenbrock": {
        "sa": {
            "T0": 100.0,
            "alpha": 0.95,
            "step_size": 0.005,
            "mean": 4.7679944685326397e-07,
            "best": 1.1755311424217084e-08,
            "worst": 1.5355939924488804e-06,
            "std": 3.93595217485821e-07,
            "epsilon": 1e-08,
            "near_optimal_count": 1.0
        },
        "gd": {
            "lr": 0.001,
            "mean": 1.248283508286486e-06,
            "best": 1.2478665044379624e-06,
            "worst": 1.248739960077004e-06,
            "std": 2.6609963662167784e-10,
            "epsilon": 1e-06,
            "near_optimal_count": 20.0
        }
    },
    "rastrigin": {
        "sa": {
            "T0": 10.0,
            "alpha": 0.999,
            "step_size": 0.5,
            "mean": 0.1283416423216561,
            "best": 0.0006730532893559,
            "worst": 0.3820532256586233,
            "std": 0.1107587615402494,
            "epsilon": 0.0001,
            "near_optimal_count": 1.0
        },
        "gd": {
            "lr": 0.5,
            "mean": 0.0,
            "best": 0.0,
            "worst": 0.0,
            "std": 0.0,
            "epsilon": 1e-11,
            "near_optimal_count": 20.0
        }
    },
    "ackley": {
        "sa": {
            "T0": 10.0,
            "alpha": 0.999,
            "step_size": 0.1,
            "mean": 0.0138203936472398,
            "best": 0.0021977720908208,
            "worst": 0.0342935926426837,
            "std": 0.0074948356924729,
            "epsilon": 0.001,
            "near_optimal_count": 1.0
        },
        "gd": {
            "lr": 0.0001,
            "mean": 0.0008030031419772,
            "best": 0.0008029175391617,
            "worst": 0.0008043632977821,
            "std": 3.1258433279398624e-07,
            "epsilon": 0.0001,
            "near_optimal_count": 20.0
        }
    },
    "ising": {
        "ising_relaxed": {
            "sa": {
                "T0": 10.0,
                "alpha": 0.99,
                "step_size": 0.01,
                "mean": -19.432778402464077,
                "best": -50.84777778028479,
                "worst": 6.346540336121478,
                "std": 15.365623605944306,
                "epsilon": 0.01,
                "near_optimal_count": 1.0
            },
            "gd": {
                "lr": 0.01,
                "mean": -22.32943073107368,
                "best": -22.32943073107368,
                "worst": -22.32943073107368,
                "std": 0.0,
                "epsilon": 0.01,
                "near_optimal_count": 20.0
            }
        },
        "ising_discrete": {
            "sa": {
                "T0": 50.0,
                "alpha": 0.995,
                "mean": -109.2,
                "best": -148.0,
                "worst": -80.0,
                "std": 17.069270634681494,
                "near_optimal_count": 1.0,
                "hamming_threshold": 0.0
            }
        }
    }
}