Algorithm,mean,best,worst,std,epsilon,near_optimal_count
GD,-17.716472943899465,-58.72977302313569,15.348506113958987,14.603089435115995,0.01,1
SA,44.220208877304124,14.209062995392193,71.9338889926524,14.958178832549592,0.01,1
