Algorithm,mean,best,worst,std,epsilon,near_optimal_count
GD,-18.11276072395448,-53.157125517913045,6.492033349624181,14.728364495113063,0.01,1
SA,-21.57015578199845,-65.40162760299351,2.916563620061787,14.013822222762391,0.01,1
