Algorithm,rmse,rmed,best,worst,std,mean,mse,mean_runtime,mean_hamming_dist,med
SA-GD-ascent,525.3819375702644,11.30594209017578,172.41391970349343,384.52130599629675,65.24848328349326,321.3145075233269,276026.1803250852,14.345367860794067,,11.293689068130712
