{
    "rosenbrock": {
        "sa": {
            "T0": 10.0,
            "alpha": 0.95,
            "step_size": 0.005,
            "rmse": 8.67662302721634e-07,
            "rmed": 0.0012941370782121,
            "best": 7.550663100643524e-08,
            "worst": 3.41859853254956e-06,
            "std": 6.563869180037865e-07,
            "epsilon": 1e-08,
            "near_optimal_count": 2.0,
            "mean": 5.674452268172662e-07,
            "mse": 7.528378715642083e-13,
            "med": 0.001001877270167,
            "mean_runtime": 0.1448084831237793
        },
        "gd": {
            "lr": 0.001,
            "rmse": 1.2488598660482403e-06,
            "rmed": 0.0025000113108016,
            "best": 1.2477912356666425e-06,
            "worst": 1.2531677196006273e-06,
            "std": 1.565581965843302e-09,
            "epsilon": 1e-06,
            "near_optimal_count": 25.0,
            "mean": 1.2488588847340345e-06,
            "mse": 1.559650965026029e-12,
            "med": 0.0025000102665617,
            "mean_runtime": 0.422243709564209
        }
    },
    "rastrigin": {
        "sa": {
            "T0": 100.0,
            "alpha": 0.995,
            "step_size": 0.5,
            "rmse": 0.3319397317384878,
            "rmed": 0.2000748492943196,
            "best": 0.0139759051128809,
            "worst": 1.2369951753929715,
            "std": 0.2922220929885483,
            "epsilon": 0.01,
            "near_optimal_count": 3.0,
            "mean": 0.1574491469523144,
            "mse": 0.1101839855066192,
            "med": 0.0592252451617049,
            "mean_runtime": 0.0914524841308593
        },
        "gd": {
            "lr": 0.5,
            "rmse": 3.4237501722600425e-12,
            "rmed": 5.875031355184327e-08,
            "best": 0.0,
            "worst": 1.7118750861300214e-11,
            "std": 3.354576371521246e-12,
            "epsilon": 1e-11,
            "near_optimal_count": 24.0,
            "mean": 6.847500344520086e-13,
            "mse": 1.1722065242050673e-23,
            "med": 1.199608544375082e-08,
            "mean_runtime": 0.0008093357086181
        }
    },
    "ackley": {
        "sa": {
            "T0": 10.0,
            "alpha": 0.999,
            "step_size": 0.1,
            "rmse": 0.0105466947471709,
            "rmed": 0.0015691415406188,
            "best": 0.0015437480909743,
            "worst": 0.0205462298310981,
            "std": 0.0052985502559539,
            "epsilon": 0.001,
            "near_optimal_count": 2.0,
            "mean": 0.0091191082499953,
            "mse": 0.00011123277009,
            "med": 0.0012987221949087,
            "mean_runtime": 0.7710048198699951
        },
        "gd": {
            "lr": 0.0001,
            "rmse": 0.0008029408914281,
            "rmed": 0.0002831277918849,
            "best": 0.0008020240302042,
            "worst": 0.0008039708235902,
            "std": 2.817841431838922e-07,
            "epsilon": 0.0001,
            "near_optimal_count": 25.0,
            "mean": 0.0008029408419834,
            "mse": 6.447140751273885e-07,
            "med": 0.0002831277745424,
            "mean_runtime": 1.234795618057251
        }
    },
    "ising": {
        "ising_relaxed": {
            "sa": {
                "algorithm": "SA_continuous",
                "T0": 50,
                "alpha": 0.999,
                "step_size": 0.3,
                "mean": -154.13724197113842,
                "best": -200.0,
                "worst": -118.14107342029156,
                "std": 25.85369910667965,
                "rmse": 52.64794707785515,
                "mse": 2771.806331512637,
                "mean_runtime": "NaN",
                "mean_distance_to_x_star": "NaN"
            },
            "gd": "Gridsearch not found"
        },
        "ising_discrete": {
            "sa": {
                "algorithm": "SA_discrete",
                "T_init": 100,
                "alpha": 0.95,
                "mean": -110.24,
                "best": -148.0,
                "worst": -88.0,
                "std": 15.349996742670664,
                "rmse": 91.06305507723756,
                "mse": 91.06305507723756,
                "mean_runtime": 0.3923294734954834,
                "hamming_best_to_gt": "NaN"
            }
        }
    }
}