{
    "rosenbrock": {
        "sa": {
            "T0": 50.0,
            "alpha": 0.95,
            "step_size": 0.005,
            "mean": 4.22592855278029e-07,
            "median": 3.399942402529265e-07,
            "std": 3.309094949126712e-07,
            "best": 1.5468417501957403e-08,
            "worst": 1.059606938607119e-06
        },
        "gd": {
            "lr": 0.001,
            "mean": 1.2487346634442792e-06,
            "median": 1.2483942180854675e-06,
            "std": 1.3416942987682223e-09,
            "best": 1.2478114966143984e-06,
            "worst": 1.2531035480899922e-06
        }
    },
    "rastrigin": {
        "sa": {
            "T0": 100.0,
            "alpha": 0.999,
            "step_size": 0.5,
            "mean": 0.213407063292156,
            "median": 0.1319630655922301,
            "std": 0.2665008938380415,
            "best": 0.0018273218659015,
            "worst": 1.1124358765560365
        },
        "gd": {
            "lr": 0.5,
            "mean": 0.5182709921917102,
            "median": 0.0,
            "std": 2.790974707709479,
            "best": 0.0,
            "worst": 15.548129765751307
        }
    },
    "ackley": {
        "sa": {
            "T0": 10.0,
            "alpha": 0.999,
            "step_size": 0.1,
            "mean": 0.0104193197287669,
            "median": 0.009378616100641,
            "std": 0.0058079680885133,
            "best": 0.0013555381078842,
            "worst": 0.0241997423586757
        },
        "gd": {
            "lr": 0.001,
            "mean": 0.0082970231312857,
            "median": 0.0082970239264796,
            "std": 2.072171041299276e-09,
            "best": 0.0082970194196438,
            "worst": 0.0082970246340257
        }
    },
    "ising": {
        "ising_discrete": {
            "sa": {
                "T0": 100.0,
                "alpha": 0.995,
                "mean": -107.86666666666666,
                "median": -106.0,
                "std": 15.815042066196204,
                "best": -140.0,
                "worst": -80.0
            }
        },
        "ising_relaxed": {
            "sa": {
                "T0": 10.0,
                "alpha": 0.999,
                "step_size": 0.05,
                "mean": -31.853527617007657,
                "median": -32.87804117082444,
                "std": 14.19007715228525,
                "best": -53.04666974518474,
                "worst": -12.065158159182452
            },
            "gd": {
                "lr": 0.001,
                "mean": -37.769401853917216,
                "median": -37.76940185391721,
                "std": 7.105427357601002e-15,
                "best": -37.76940185391721,
                "worst": -37.76940185391721
            }
        }
    }
}