lr,rmse,rmed,best,worst,std,epsilon,near_optimal_count,mean,mse,med,mean_runtime
0.0001,0.0525531043886537,0.4035381102965017,0.004309148973692325,0.1918065858187251,0.03511140274798302,0.001,1,0.03910266203155052,0.002761828780884733,0.3821129222270578,0.7705155372619629
0.001,1.2488598660482403e-06,0.002500011310801678,1.2477912356666423e-06,1.2531677196006273e-06,1.565581965843302e-09,1e-06,25,1.2488588847340345e-06,1.5596509650260287e-12,0.0025000102665617505,0.422243709564209
0.01,405.17971321377877,2.4819347291981715,401.0,409.0,3.9967987189749747,0.01,12,405.16,164170.6,2.3232068932266428,0.6468211841583252
0.05,405.17971321377877,2.4819347291981715,401.0,409.0,3.9967987189749747,0.01,12,405.16,164170.6,2.3232068932266428,0.6821679019927979
0.1,403.8982545146735,2.209072203437452,401.0,409.0,3.8400000000000003,0.01,16,403.88,163133.8,2.0435166375793976,0.6085538005828858
0.3,404.8597287950482,2.4166091947189146,401.0,409.0,3.9967987189749747,0.01,13,404.84,163911.4,2.2532843293148317,0.682175703048706
0.5,405.49944512909013,2.5455844122715714,401.0,409.0,3.971095566717074,0.01,11,405.48,164429.8,2.3931294571384543,0.6210122585296631
