{
    "rosenbrock": {
        "sa": {
            "T0": 10.0,
            "alpha": 0.95,
            "step_size": 0.005,
            "rmse": 8.67662302721634e-07,
            "rmed": 0.0012941370782121,
            "best": 7.550663100643524e-08,
            "worst": 3.41859853254956e-06,
            "std": 6.563869180037865e-07,
            "epsilon": 1e-08,
            "near_optimal_count": 2.0,
            "mean": 5.674452268172662e-07,
            "mse": 7.528378715642083e-13,
            "med": 0.001001877270167,
            "mean_runtime": 0.1448084831237793
        },
        "gd": {
            "lr": 0.001,
            "rmse": 1.2488598660482403e-06,
            "rmed": 0.0025000113108016,
            "best": 1.2477912356666425e-06,
            "worst": 1.2531677196006273e-06,
            "std": 1.565581965843302e-09,
            "epsilon": 1e-06,
            "near_optimal_count": 25.0,
            "mean": 1.2488588847340345e-06,
            "mse": 1.559650965026029e-12,
            "med": 0.0025000102665617,
            "mean_runtime": 0.422243709564209
        },
        "hybrid": {
            "lr": 0.001,
            "sigma": 2.0,
            "T0": 10.0,
            "rmse": 1.2482329639836892e-06,
            "rmed": 0.00249911583075,
            "best": 1.2477867299685e-06,
            "worst": 1.2487289493284926e-06,
            "std": 3.2659745171595635e-10,
            "epsilon": 1e-06,
            "near_optimal_count": 20.0,
            "mean": 1.2482329212569308e-06,
            "mse": 1.5580855323755062e-12,
            "med": 0.0024991158093834,
            "mean_runtime": 0.6487035393714905
        }
    },
    "rastrigin": {
        "sa": {
            "T0": 100.0,
            "alpha": 0.995,
            "step_size": 0.5,
            "rmse": 0.3319397317384878,
            "rmed": 0.2000748492943196,
            "best": 0.0139759051128809,
            "worst": 1.2369951753929715,
            "std": 0.2922220929885483,
            "epsilon": 0.01,
            "near_optimal_count": 3.0,
            "mean": 0.1574491469523144,
            "mse": 0.1101839855066192,
            "med": 0.0592252451617049,
            "mean_runtime": 0.0914524841308593
        },
        "gd": {
            "lr": 0.5,
            "rmse": 3.4237501722600425e-12,
            "rmed": 5.875031355184327e-08,
            "best": 0.0,
            "worst": 1.7118750861300214e-11,
            "std": 3.354576371521246e-12,
            "epsilon": 1e-11,
            "near_optimal_count": 24.0,
            "mean": 6.847500344520086e-13,
            "mse": 1.1722065242050673e-23,
            "med": 1.199608544375082e-08,
            "mean_runtime": 0.0008093357086181
        },
        "hybrid": {
            "lr": 0.01,
            "sigma": 2.0,
            "T0": 0.1,
            "rmse": 25.14476396465197,
            "rmed": 1.6786666858407122,
            "best": 2.3222043580362994,
            "worst": 50.3722112374581,
            "std": 11.741855113353823,
            "epsilon": 0.01,
            "near_optimal_count": 1.0,
            "mean": 22.23483738045023,
            "mse": 632.2591548380602,
            "med": 1.4444326298929548,
            "mean_runtime": 1.0264005184173584
        }
    },
    "ackley": {
        "sa": {
            "T0": 10.0,
            "alpha": 0.999,
            "step_size": 0.1,
            "rmse": 0.0105466947471709,
            "rmed": 0.0015691415406188,
            "best": 0.0015437480909743,
            "worst": 0.0205462298310981,
            "std": 0.0052985502559539,
            "epsilon": 0.001,
            "near_optimal_count": 2.0,
            "mean": 0.0091191082499953,
            "mse": 0.00011123277009,
            "med": 0.0012987221949087,
            "mean_runtime": 0.7710048198699951
        },
        "gd": {
            "lr": 0.0001,
            "rmse": 0.0008029408914281,
            "rmed": 0.0002831277918849,
            "best": 0.0008020240302042,
            "worst": 0.0008039708235902,
            "std": 2.817841431838922e-07,
            "epsilon": 0.0001,
            "near_optimal_count": 25.0,
            "mean": 0.0008029408419834,
            "mse": 6.447140751273885e-07,
            "med": 0.0002831277745424,
            "mean_runtime": 1.234795618057251
        },
        "hybrid": {
            "lr": 0.0001,
            "sigma": 2.0,
            "T0": 10.0,
            "rmse": 0.0007902775737526,
            "rmed": 0.0002786659208972,
            "best": 0.0004393906307709,
            "worst": 0.0008605730840405,
            "std": 8.082279837671941e-05,
            "epsilon": 0.0001,
            "near_optimal_count": 1.0,
            "mean": 0.0007861337792252,
            "mse": 6.245386435763496e-07,
            "med": 0.0002772091795158,
            "mean_runtime": 1.1118168115615843
        }
    },
    "ising": {
        "ising_relaxed": {
            "sa": {
                "algorithm": "SA_continuous",
                "T0": 50,
                "alpha": 0.999,
                "step_size": 0.3,
                "mean": -154.13724197113842,
                "best": -200.0,
                "worst": -118.14107342029156,
                "std": 25.85369910667965,
                "rmse": 52.64794707785515,
                "mse": 2771.806331512637,
                "mean_runtime": NaN,
                "mean_distance_to_x_star": NaN
            },
            "gd": {
                "algorithm": "GD_continuous",
                "lr": 0.5,
                "mean": -121.71061728394965,
                "best": -145.3827160493827,
                "worst": -95.38271604938272,
                "std": 14.387685923518166,
                "rmse": 79.60045824173379,
                "mse": 6336.232952294005,
                "mean_runtime": 1.267560453414917,
                "mean_distance_to_x_star": NaN
            }
        },
        "ising_discrete": {
            "sa": {
                "algorithm": "SA_discrete",
                "T_init": 100,
                "alpha": 0.95,
                "mean": -110.24,
                "best": -148.0,
                "worst": -88.0,
                "std": 15.349996742670664,
                "rmse": 91.06305507723756,
                "mse": 91.06305507723756,
                "mean_runtime": 0.3923294734954834,
                "hamming_best_to_gt": NaN
            }
        }
    }
}