,precision,recall,f1-score,support,test_accuracy
0,0.6962025316455697,0.6918238993710691,0.694006309148265,477.0,0.7761538461538462
1,0.8220338983050848,0.8250303766707169,0.8235294117647058,823.0,0.7761538461538462
accuracy,0.7761538461538462,0.7761538461538462,0.7761538461538462,0.7761538461538462,0.7761538461538462
macro avg,0.7591182149753273,0.758427138020893,0.7587678604564854,1300.0,0.7761538461538462
weighted avg,0.7758634660769396,0.7761538461538462,0.7760043964200579,1300.0,0.7761538461538462
