,precision,recall,f1-score,support,test_accuracy
0,0.2676056338028169,0.19916142557651992,0.2283653846153846,477.0,0.5061538461538462
1,0.5957671957671957,0.68408262454435,0.6368778280542986,823.0,0.5061538461538462
accuracy,0.5061538461538462,0.5061538461538462,0.5061538461538462,0.5061538461538462,0.5061538461538462
macro avg,0.4316864147850063,0.44162202506043496,0.4326216063348416,1300.0,0.5061538461538462
weighted avg,0.47535714572334287,0.5061538461538462,0.48698518534632784,1300.0,0.5061538461538462
