,precision,recall,f1-score,support,test_accuracy
0,0.42015209125475284,0.46331236897274636,0.4406779661016949,477.0,0.5684615384615385
1,0.6692506459948321,0.6294046172539489,0.6487163431433939,823.0,0.5684615384615385
accuracy,0.5684615384615385,0.5684615384615385,0.5684615384615385,0.5684615384615385,0.5684615384615385
macro avg,0.5447013686247925,0.5463584931133476,0.5446971546225444,1300.0,0.5684615384615385
weighted avg,0.5778506378325107,0.5684615384615385,0.5723822617211706,1300.0,0.5684615384615385
