,precision,recall,f1-score,support,test_accuracy
0,0.4311377245508982,0.1509433962264151,0.2236024844720497,477.0,0.6153846153846154
1,0.6425419240953222,0.8845686512758202,0.7443762781186094,823.0,0.6153846153846154
accuracy,0.6153846153846154,0.6153846153846154,0.6153846153846154,0.6153846153846154,0.6153846153846154
macro avg,0.5368398243231102,0.5177560237511176,0.48398938129532953,1300.0,0.6153846153846154
weighted avg,0.564972844724022,0.6153846153846154,0.5532923553729101,1300.0,0.6153846153846154
