,precision,recall,f1-score,support,test_accuracy
0,0.2744807121661721,0.38784067085953877,0.3214596003475239,477.0,0.3992307692307692
1,0.5335463258785943,0.40583232077764275,0.4610075914423741,823.0,0.3992307692307692
accuracy,0.3992307692307692,0.3992307692307692,0.3992307692307692,0.3992307692307692,0.3992307692307692
macro avg,0.4040135190223832,0.39683649581859076,0.391233595894949,1300.0,0.3992307692307692
weighted avg,0.4384891737702671,0.3992307692307692,0.4098042131714175,1300.0,0.3992307692307692
