,precision,recall,f1-score,support,test_accuracy
0,0.3277310924369748,0.24528301886792453,0.2805755395683453,477.0,0.5384615384615384
1,0.6182396606574762,0.7083839611178615,0.6602491506228766,823.0,0.5384615384615384
accuracy,0.5384615384615384,0.5384615384615384,0.5384615384615384,0.5384615384615384,0.5384615384615384
macro avg,0.4729853765472255,0.476833489992893,0.4704123450956109,1300.0,0.5384615384615384
weighted avg,0.5116453629334923,0.5384615384615384,0.5209381410282524,1300.0,0.5384615384615384
