,precision,recall,f1-score,support,test_accuracy
0,0.47761194029850745,0.26834381551362685,0.3436241610738255,477.0,0.6238461538461538
1,0.6618217054263565,0.8298906439854192,0.736388140161725,823.0,0.6238461538461538
accuracy,0.6238461538461538,0.6238461538461538,0.6238461538461538,0.6238461538461538,0.6238461538461538
macro avg,0.569716822862432,0.549117229749523,0.5400061506177752,1300.0,0.6238461538461538
weighted avg,0.5942308916063688,0.6238461538461538,0.5922739724502418,1300.0,0.6238461538461538
