,precision,recall,f1-score,support,test_accuracy
0,0.5548172757475083,0.350104821802935,0.42930591259640105,477.0,0.6584615384615384
1,0.6896896896896897,0.8371810449574727,0.756311745334797,823.0,0.6584615384615384
accuracy,0.6584615384615384,0.6584615384615384,0.6584615384615384,0.6584615384615384,0.6584615384615384
macro avg,0.622253482718599,0.5936429333802038,0.592808828965599,1300.0,0.6584615384615384
weighted avg,0.6402018885739816,0.6584615384615384,0.6363257590146316,1300.0,0.6584615384615384
