,precision,recall,f1-score,support,test_accuracy
0,0.20398009950248755,0.1719077568134172,0.18657565415244595,477.0,0.45
1,0.5601336302895323,0.6111786148238153,0.5845438698431145,823.0,0.45
accuracy,0.45,0.45,0.45,0.45,0.45
macro avg,0.38205686489600993,0.39154318581861625,0.3855597619977802,1300.0,0.45
weighted avg,0.42945268091613203,0.45,0.43852014762430763,1300.0,0.45
