,precision,recall,f1-score,support,test_accuracy
0,0.43434343434343436,0.09014675052410902,0.14930555555555555,477.0,0.6230769230769231
1,0.6386344712739384,0.9319562575941677,0.7579051383399209,823.0,0.6230769230769231
accuracy,0.6230769230769231,0.6230769230769231,0.6230769230769231,0.6230769230769231,0.6230769230769231
macro avg,0.5364889528086864,0.5110515040591384,0.45360534694773824,1300.0,0.6230769230769231
weighted avg,0.563675375415592,0.6230769230769231,0.5345959068105807,1300.0,0.6230769230769231
