,precision,recall,f1-score,support,test_accuracy
0,0.33034571062740076,0.5408805031446541,0.41017488076311603,477.0,0.42923076923076925
1,0.5780346820809249,0.3645200486026732,0.44709388971684055,823.0,0.42923076923076925
accuracy,0.42923076923076925,0.42923076923076925,0.42923076923076925,0.42923076923076925,0.42923076923076925
macro avg,0.4541901963541628,0.4527002758736636,0.4286343852399783,1300.0,0.42923076923076925
weighted avg,0.48715188255528563,0.42923076923076925,0.43354745335458933,1300.0,0.42923076923076925
