,precision,recall,f1-score,support,test_accuracy
0,0.47306791569086654,0.42348008385744235,0.4469026548672566,477.0,0.6153846153846154
1,0.6849942726231386,0.7266099635479951,0.7051886792452831,823.0,0.6153846153846154
accuracy,0.6153846153846154,0.6153846153846154,0.6153846153846154,0.6153846153846154,0.6153846153846154
macro avg,0.5790310941570026,0.5750450237027187,0.5760456670562698,1300.0,0.6153846153846154
weighted avg,0.6072336016564511,0.6153846153846154,0.6104175764542689,1300.0,0.6153846153846154
