,precision,recall,f1-score,support,test_accuracy
0,0.3053311793214863,0.39622641509433965,0.3448905109489051,477.0,0.44769230769230767
1,0.5770925110132159,0.4775212636695018,0.5226063829787234,823.0,0.44769230769230767
accuracy,0.44769230769230767,0.44769230769230767,0.44769230769230767,0.44769230769230767,0.44769230769230767
macro avg,0.4412118451673511,0.4368738393819207,0.43374844696381426,1300.0,0.44769230769230767
weighted avg,0.47737700700017355,0.44769230769230767,0.45739832839547473,1300.0,0.44769230769230767
