,precision,recall,f1-score,support,test_accuracy
0,0.44482173174872663,0.549266247379455,0.4915572232645403,477.0,0.583076923076923
1,0.6976090014064698,0.6026731470230863,0.6466753585397653,823.0,0.583076923076923
accuracy,0.583076923076923,0.583076923076923,0.583076923076923,0.583076923076923,0.583076923076923
macro avg,0.5712153665775982,0.5759696972012707,0.5691162909021528,1300.0,0.583076923076923
weighted avg,0.6048555186166671,0.583076923076923,0.5897589350580097,1300.0,0.583076923076923
