,precision,recall,f1-score,support,test_accuracy
0,0.1865671641791045,0.05241090146750524,0.08183306055646482,477.0,0.5684615384615385
1,0.6123499142367067,0.8675577156743621,0.717948717948718,823.0,0.5684615384615385
accuracy,0.5684615384615385,0.5684615384615385,0.5684615384615385,0.5684615384615385,0.5684615384615385
macro avg,0.3994585392079056,0.4599843085709337,0.39989088925259136,1300.0,0.5684615384615385
weighted avg,0.4561203974848019,0.5684615384615385,0.4845432036594067,1300.0,0.5684615384615385
