,precision,recall,f1-score,support,test_accuracy
0,0.574468085106383,0.11320754716981132,0.18914185639229422,477.0,0.6438461538461538
1,0.6492537313432836,0.951397326852977,0.77180877279448,823.0,0.6438461538461538
accuracy,0.6438461538461538,0.6438461538461538,0.6438461538461538,0.6438461538461538,0.6438461538461538
macro avg,0.6118609082248333,0.5323024370113941,0.4804753145933871,1300.0,0.6438461538461538
weighted avg,0.6218131519163592,0.6438461538461538,0.5580148350069087,1300.0,0.6438461538461538
