,precision,recall,f1-score,support,test_accuracy
0,0.35785953177257523,0.44863731656184486,0.39813953488372095,477.0,0.5023076923076923
1,0.6253561253561254,0.5334143377885784,0.5757377049180328,823.0,0.5023076923076923
accuracy,0.5023076923076923,0.5023076923076923,0.5023076923076923,0.5023076923076923,0.5023076923076923
macro avg,0.4916078285643503,0.4910258271752116,0.48693861990087683,1300.0,0.5023076923076923
weighted avg,0.5272054521720074,0.5023076923076923,0.5105728379131352,1300.0,0.5023076923076923
