,precision,recall,f1-score,support,test_accuracy
0,0.4393939393939394,0.18238993710691823,0.2577777777777778,477.0,0.6146153846153846
1,0.6460980036297641,0.8651275820170109,0.7397402597402597,823.0,0.6146153846153846
accuracy,0.6146153846153846,0.6146153846153846,0.6146153846153846,0.6146153846153846,0.6146153846153846
macro avg,0.5427459715118518,0.5237587595619646,0.49875901875901874,1300.0,0.6146153846153846
weighted avg,0.5702535123678499,0.6146153846153846,0.5628971028971029,1300.0,0.6146153846153846
