,precision,recall,f1-score,support,test_accuracy
0,0.49282296650717705,0.21593291404612158,0.30029154518950435,477.0,0.6307692307692307
1,0.6571952337305225,0.8712029161603888,0.7492163009404389,823.0,0.6307692307692307
accuracy,0.6307692307692307,0.6307692307692307,0.6307692307692307,0.6307692307692307,0.6307692307692307
macro avg,0.5750091001188498,0.5435679151032552,0.5247539230649716,1300.0,0.6307692307692307
weighted avg,0.5968832556801104,0.6307692307692307,0.5844954482533652,1300.0,0.6307692307692307
