,precision,recall,f1-score,support,test_accuracy
0,0.14130434782608695,0.05450733752620545,0.07866868381240545,477.0,0.5315384615384615
1,0.5958781362007168,0.8080194410692588,0.6859205776173285,823.0,0.5315384615384615
accuracy,0.5315384615384615,0.5315384615384615,0.5315384615384615,0.5315384615384615,0.5315384615384615
macro avg,0.3685912420134019,0.4312633892977321,0.38229463071486697,1300.0,0.5315384615384615
weighted avg,0.42908452308171807,0.5315384615384615,0.46310584427506063,1300.0,0.5315384615384615
