,precision,recall,f1-score,support,test_accuracy
0,0.36469344608879495,0.7232704402515723,0.4848910751932537,477.0,0.43615384615384617
1,0.6271186440677966,0.26974483596597815,0.3772302463891249,823.0,0.43615384615384617
accuracy,0.43615384615384617,0.43615384615384617,0.43615384615384617,0.43615384615384617,0.43615384615384617
macro avg,0.4959060450782958,0.4965076381087752,0.4310606607911893,1300.0,0.43615384615384617
weighted avg,0.5308287829631937,0.43615384615384617,0.4167334889580245,1300.0,0.43615384615384617
