,precision,recall,f1-score,support,test_accuracy
0,0.3751268011183047,0.30136268343815514,0.3043880531066233,477.0,0.5493076923076924
1,0.6280302752380801,0.6930133657351154,0.6462771487945053,823.0,0.5493076923076924
accuracy,0.5493076923076924,0.5493076923076924,0.5493076923076924,0.5493076923076924,0.5493076923076924
macro avg,0.5015785381781924,0.49718802458663525,0.4753326009505643,1300.0,0.5493076923076924
weighted avg,0.5352341543495164,0.5493076923076924,0.5208301498382595,1300.0,0.5493076923076924
